Mahal Adı,Etiket
Antre,diğer
ANTRE+HOL,diğer
Ara hol,diğer
Ardiye,diğer
Bany.,banyo
Banyo,banyo
Çalış. Odası,oda
Çalışma O,oda
Çalışma O.,oda
Çalışma Od,oda
Çalışma Od.,oda
Çalışma Oda,oda
Çalışma Odası,oda
Çam. Odası,diğer
Çamaşır O,diğer
Çamaşır O.,diğer
Çamaşır Od,diğer
Çamaşır Od.,diğer
Çamaşır Oda,diğer
Çamaşır Odası,diğer
ÇAMAŞIRLIK,diğer
Çoc. Od.,oda
Çoc. Odası,oda
Çocuk O,oda
Çocuk O.,oda
Çocuk Od,oda
Çocuk Od.,oda
Çocuk Oda,oda
Çocuk Odası,oda
E. BANYO,banyo
E. Y. ODASI,oda
Eb. Banyo,banyo
Eb. Yatak Odası,oda
Ebeveyn Banyosu,banyo
Ebeveyn Yatak O,oda
Ebeveyn Yatak O.,oda
Ebeveyn Yatak Od,oda
Ebeveyn Yatak Od.,oda
Ebeveyn Yatak Oda,oda
Ebeveyn Yatak Odası,oda
Ebv. Yatak Odası,oda
Genç O,oda
Genç O.,oda
Genç Od,oda
Genç Od.,oda
Genç Oda,oda
Genç Odası,oda
Genç/Çocuk Odası,oda
Giyin. Odası,diğer
Giyinme O,diğer
Giyinme O.,diğer
Giyinme Od,diğer
Giyinme Od.,diğer
Giyinme Oda,diğer
Giyinme Odası,diğer
Gyn. Odası,diğer
Hobi O,oda
Hobi O.,oda
Hobi Od,oda
Hobi Od.,oda
Hobi Oda,oda
Hobi Odası,oda
Hoby O,oda
Hoby od.,oda
Hol,diğer
Hol/Antre,diğer
Kiler,diğer
Korid.,diğer
Koridor,diğer
Mis. Odası,oda
Misafir O,oda
Misafir O.,oda
Misafir Od.,oda
Misafir Oda,oda
Misafir Odası,oda
Mısafır Odası,oda
Muftak,diğer
Mutfak,diğer
Ofis,oda
Otruma Od,oda
Oturm. Od,oda
Oturma O,oda
Oturma O.,oda
Oturma Od,oda
Oturma Od.,oda
Oturma Oda,oda
Oturma Odası,oda
Salon,salon
SALON + MUTFAK,salon
Salonn,salon
Vestiyer,diğer
Vestiyer / Antre,diğer
W.C,diğer
WC,diğer
Tuvalet,diğer
WC ERKEK,diğer
WC KADIN,diğer
Y. Odası,oda
Y.ODASI,oda
Yatak O,oda
Yatak O.,oda
Yatak Od,oda
Yatak Od.,oda
Yatak Oda,oda
Yatak Odası,oda
Yatk Oda,oda
BALKON,diğer
E. YATAK ODASI,oda